cluster,player_count
-1,769743
0,2995
1,952
2,933
3,3064
4,323
5,5235
6,7208
7,1734
8,842
9,4725
10,1635
11,912
12,1168
13,487
14,418
15,734
16,661
17,930
18,1471
19,1193
20,872
21,315
22,529
23,335
24,588
25,2357
26,39
27,2627
28,1017
29,529
30,408
31,1486
32,211
33,106
34,112
35,1836
36,210
37,35
38,52
39,574
40,210
41,75
42,247
43,225
44,113
45,601
46,887
47,963
48,27
49,661
50,179
51,72
52,244
53,130
54,32
55,66
56,978
57,459
58,309
59,111
60,88
61,59
62,79
63,89
64,127
65,220
66,20
67,43
68,177
69,132
70,44
71,90
72,270
73,1412
74,135
75,43
76,583
77,254
78,120
79,124
80,157
81,237
82,26
83,101
84,128
85,84
86,150
87,158
88,20
89,160
90,58
91,94
92,24
93,55
94,264
95,46
96,230
97,53
98,176
99,39
100,72
101,20
102,44
103,31
104,245
105,38
106,34
107,76
108,39
109,178
110,48
111,25
112,58
113,27
114,30
115,25
116,45
117,20
118,21
119,49
120,15
121,21
122,34
123,25
124,41
125,36
126,39
127,16
128,22
129,28
130,38
131,35
132,33
133,20
134,21
135,24
136,77
137,42
138,46
139,36
140,42
141,33
142,44
143,23
144,20
145,24
146,23
147,27
148,20
149,31
150,21
151,54
152,30
153,16
154,10
155,13
156,18
157,15
158,15
159,18
