cluster,town_hall_level,builder_hall_level,exp_level,trophies,best_trophies,war_stars,attack_wins,defense_wins,donations,donations_received,clan_capital_contributions,troop_count,troop_mean_level,troop_mean_completion_ratio,hero_count,hero_mean_level,hero_mean_completion_ratio,spell_count,spell_mean_level,spell_mean_completion_ratio,equipment_count,equipment_mean_level,equipment_mean_completion_ratio,achievement_count,achievement_completion_ratio,donation_balance,donation_ratio,combat_activity_total,progression_ratio_trophies,builder_progression_ratio
0,4.265108514190318,2.0,14.963939899833056,359.53756260434056,403.84273789649416,1.0834724540901504,0.0,0.0,0.0,0.0340567612687813,0.0333889816360601,23.569616026711184,1.1729756480942477,0.10773163266834417,0.0,0.0,0.0,0.0,0.0,0.0,0.0,0.0,0.0,53.0,0.17489984412928905,-0.0340567612687813,0.0,0.0,0.9267537209583324,0.9952507155797482
1,5.513655462184874,2.0,21.51575630252101,512.3319327731092,583.0987394957983,1.5913865546218486,0.0,0.0,0.0,0.0063025210084033615,3498.2951680672268,24.814075630252102,1.2774141797253804,0.11488457492628826,0.0,0.0,0.0,1.134453781512605,1.0,0.07735401853048912,0.0010504201680672268,0.0010504201680672268,3.8904450669156547e-05,53.0,0.20827018630667674,-0.0063025210084033615,0.0,0.0,0.8960484936255764,0.9960926649082975
2,5.444801714898178,3.0,29.15112540192926,575.8070739549839,706.7963558413719,6.813504823151125,0.0,0.0,0.0,0.0,484.7652733118971,27.022508038585208,1.6067609389294286,0.13236655214851653,0.0,0.0,0.0,1.0,4.0,0.3076923076923077,0.0010718113612004287,0.0010718113612004287,3.969671708149736e-05,53.0,0.253665164767521,0.0,0.0,0.0,0.8285789667714177,0.9861398723041658
3,4.364229765013055,3.0,16.906005221932116,420.9128590078329,484.8619451697128,0.6733028720626631,0.0,0.0,0.0,0.012728459530026109,0.03263707571801567,25.132506527415142,1.2778879293849779,0.11084091576265136,0.0,0.0,0.0,0.0,0.0,0.0,0.0,0.0,0.0,53.0,0.20904491587024832,-0.012728459530026109,0.0,0.0,0.8909486374120404,0.9786581082024991
4,5.504643962848297,2.0,24.761609907120743,0.0,524.1795665634675,16.65015479876161,0.0,0.0,0.0,0.3188854489164087,1048.5108359133128,25.36532507739938,1.4433050935494063,0.12759114211587622,0.0,0.0,0.0,1.0030959752321982,4.0,0.30773199968246406,0.006191950464396285,0.006191950464396285,0.00022933149868134388,53.0,0.2086884709115927,-0.3188854489164087,0.0,0.0,0.0,0.9972584945001086
5,7.0259789875835725,3.0,32.8792741165234,0.3356255969436485,456.9375358166189,17.999235912129894,0.0005730659025787965,0.0,1.6578796561604585,6.731423113658071,14912.80076408787,29.573256924546325,1.794629603796448,0.14687200203173376,1.0,4.490735434574976,0.04082486758704524,2.713658070678128,3.0549984081502704,0.2827066693255805,0.2649474689589303,0.11638331741483604,0.00568025045102409,53.0,0.2514112993691141,-5.073543457497612,0.03534838111479186,0.0005730659025787965,0.0005494107131160887,0.988057181260601
6,3.400943396226415,0.0,8.755965593784683,4.326026637069923,129.51720310765816,6.139983351831298,0.0006936736958934517,0.0,0.04661487236403995,0.8208934517203108,2.0457824639289677,21.778856825749166,1.071084860836524,0.10326074987530856,0.0,0.0,0.0,0.0,0.0,0.0,0.0026359600443951166,0.0026359600443951166,9.762814979241173e-05,53.0,0.10350414313855291,-0.7742785793562708,0.0012884042982544647,0.0006936736958934517,6.70216131298021e-06,0.0
7,8.134948096885813,4.0,48.48212226066897,0.3229527104959631,686.2087658592849,21.892156862745097,0.0,0.0,1.8719723183391004,6.522491349480969,29998.504036908882,35.528258362168394,2.56028961366916,0.19164312083881244,2.0,10.873702422145328,0.09885184020132116,4.926758938869665,3.513821607074202,0.35563876883081036,5.411764705882353,2.187401823474488,0.11726985093238458,53.0,0.33873214251872497,-4.650519031141869,0.02529743642934633,0.0,0.0006021948826648655,0.984460927468784
8,6.5,2.0,28.465558194774346,0.0,508.54038004750595,8.327790973871734,0.0011876484560570072,0.0,0.1187648456057007,0.1187648456057007,18015.528503562946,26.501187648456057,1.6833150106981156,0.14552426527770998,0.0,0.0,0.0,2.374109263657957,3.603127474267617,0.3142629836513447,0.007125890736342043,0.007125890736342043,0.00026392187912377933,53.0,0.21256258381234422,0.0,0.0035629453681710215,0.0011876484560570072,0.0,0.9972737459059995
9,3.326349206349206,0.0,9.707936507936507,248.15873015873015,287.60190476190473,2.045291005291005,0.0,0.0,0.0,0.022222222222222223,0.0,22.063915343915344,1.0498139051227204,0.10126411111473761,0.0,0.0,0.0,0.0,0.0,0.0,0.0,0.0,0.0,53.0,0.11749407703094848,-0.022222222222222223,0.0,0.0,0.9394866382044795,0.0
10,6.370030581039756,3.0,31.779204892966362,0.0,657.6715596330275,8.581039755351682,0.0012232415902140672,0.0,0.0,0.03669724770642202,11549.840978593273,27.980428134556576,1.7279111897305162,0.14251961405016575,0.0,0.0,0.0,2.1730886850152906,3.349439347604485,0.2799633512936265,0.01529051987767584,0.014678899082568808,0.0005436629289840299,53.0,0.2603954531015135,-0.03669724770642202,0.0,0.0012232415902140672,0.0,0.9861745760467953
11,6.767543859649122,0.0,28.976973684210527,0.12609649122807018,335.48026315789474,26.763157894736842,0.0,0.0,1.3717105263157894,6.758771929824562,48624.1875,26.56907894736842,1.6235304477058925,0.1421015324610142,1.0,3.6458333333333335,0.03314393939393939,2.580043859649123,3.50968567251462,0.32000741704689073,0.03289473684210526,0.03070175438596491,0.0011371020142949967,53.0,0.17567522093354013,-5.387061403508772,0.026166867182313404,0.0,0.00016390090755593077,0.0
12,6.284246575342466,3.0,34.736301369863014,615.9469178082192,774.630993150685,10.779109589041095,0.0,0.0,0.0,0.004280821917808219,6832.840753424657,28.0,1.7267558518452253,0.14135752181052194,0.0,0.0,0.0,2.0077054794520546,3.4987157534246576,0.2790778356917056,0.0008561643835616438,0.0008561643835616438,3.1709791983764585e-05,53.0,0.2750473696369291,-0.004280821917808219,0.0,0.0,0.8092810124977482,0.9859503759929757
13,8.010266940451745,4.0,58.794661190965094,0.0,1240.8275154004107,52.275154004106774,0.0,0.0,0.0,0.0,13733.743326488706,35.64065708418891,2.525975551452857,0.1881334305267004,1.0,9.322381930184806,0.08474892663804368,4.874743326488707,3.3784394250513348,0.34038947306401107,0.002053388090349076,0.002053388090349076,7.605141075366947e-05,53.0,0.40049177639704797,0.0,0.0,0.0,0.0,0.9745515070004519
14,8.0,4.0,59.473684210526315,835.3492822966507,1204.1794258373207,42.00717703349282,0.0,0.0,0.0,0.0,14370.976076555024,36.069377990430624,2.5944247490405665,0.19205472595503337,1.0,9.758373205741627,0.08871248368856026,4.976076555023924,3.4704545454545457,0.3512180801654486,0.0,0.0,0.0,53.0,0.3957724884530427,0.0,0.0,0.0,0.702589754785002,0.9787785628924186
15,5.867847411444142,2.0,19.348773841961854,0.0,361.2874659400545,1.0258855585831064,0.0027247956403269754,0.0,0.008174386920980926,0.0326975476839237,6592.401907356948,24.71525885558583,1.2900753692032942,0.11610610747459045,0.0,0.0,0.0,1.2411444141689374,1.0,0.07786481986073267,0.0027247956403269754,0.0027247956403269754,0.00010091835704914723,53.0,0.18763189702174807,-0.02452316076294278,0.0008174386920980926,0.0027247956403269754,0.0,0.9967650422123032
16,5.419062027231467,3.0,27.50378214826021,0.0,648.3449319213313,5.694402420574886,0.0,0.0,0.0,0.10136157337367625,370.43116490166415,26.963691376701966,1.6066288105755475,0.13254246216041068,0.0,0.0,0.0,1.0030257186081695,4.0,0.307731098956515,0.0015128593040847202,0.0015128593040847202,5.6031826077211856e-05,53.0,0.24753672916197472,-0.10136157337367625,0.0,0.0,0.0,0.9814071516683555
17,4.401075268817205,3.0,17.91720430107527,0.46021505376344085,496.5838709677419,1.3451612903225807,0.0,0.0,0.0,0.02258064516129032,0.0,25.309677419354838,1.3283204628630432,0.1145425447388826,0.0,0.0,0.0,0.0,0.0,0.0,0.002150537634408602,0.001075268817204301,3.982477100756671e-05,53.0,0.21226584393546,-0.02258064516129032,0.0,0.0,0.0,0.9795114986775764
18,9.089055064581917,4.0,64.92794017675051,0.41468388851121685,1096.5064581917063,53.308633582596876,0.0,0.0,1.1740312712440517,5.832766825288919,58230.12100611829,38.8837525492862,3.009986106485736,0.2289539870811731,3.0,20.392703376387946,0.18920360353327545,8.982324949014275,3.2187929601933685,0.35973420990826954,9.004078857919783,3.3177909257446982,0.17436930399012127,53.0,0.43124763046914505,-4.658735554044868,0.014304938723737238,0.0,0.0004597144813318463,0.9868053141671758
19,7.150880134115675,4.0,41.25817267393126,0.2179379715004191,771.0645431684828,17.844928751047778,0.0016764459346186086,0.0,0.7057837384744342,3.694886839899413,18566.671416596815,32.51550712489522,2.2021593705065583,0.16624164075663148,1.0,6.465213746856664,0.05877467042596968,2.9354568315171834,3.714305671975412,0.36370177275458077,0.07041072925398156,0.054484492875104776,0.00215764800844432,53.0,0.31952458368242437,-2.989103101424979,0.008744275166949098,0.0016764459346186086,0.0004996830566958016,0.9786674592266991
20,9.071100917431192,3.0,61.065366972477065,0.6422018348623854,998.9965596330276,67.74426605504587,0.0,0.0,1.5344036697247707,9.26605504587156,63288.11353211009,36.565366972477065,2.798566050264554,0.22338199122020316,3.0,20.29204892966361,0.1883343941588751,8.975917431192661,3.244759811416922,0.362634232538189,9.29816513761468,3.3234456802117354,0.17201814860772557,53.0,0.39389216077097966,-7.731651376146789,0.016525910293757322,0.0,0.0007456711027237957,0.9920403310093063
21,5.444444444444445,2.0,27.428571428571427,540.6634920634921,637.7841269841269,6.46984126984127,0.0,0.0,0.0,0.0,618.504761904762,25.409523809523808,1.438987042275517,0.12704636624581078,0.0,0.0,0.0,1.0,4.0,0.3076923076923077,0.0,0.0,0.0,53.0,0.2215814869743078,0.0,0.0,0.0,0.8613345588402851,0.9971046936890571
22,6.270321361058601,4.0,37.485822306238184,654.9338374291116,846.9395085066162,7.977315689981096,0.0,0.0,0.0,0.001890359168241966,4246.478260869565,29.967863894139885,1.9967477887776006,0.1512403733872654,0.0,0.0,0.0,2.0,3.5,0.27884615384615385,0.001890359168241966,0.001890359168241966,7.001330252748022e-05,53.0,0.3031312301771344,-0.001890359168241966,0.0,0.0,0.7831191015228581,0.9751925837270649
23,6.259701492537314,2.0,33.36119402985074,601.2029850746269,738.5761194029851,9.985074626865671,0.0,0.0,0.0,0.16119402985074627,13289.88656716418,26.414925373134327,1.578597685858108,0.13707751623174846,0.0,0.0,0.0,2.0,3.5,0.27884615384615385,0.008955223880597015,0.008955223880597015,0.0003316749585406302,53.0,0.24445709574857893,-0.16119402985074627,0.0,0.0,0.8309525722030824,0.9959890954177518
24,7.142857142857143,3.0,44.214285714285715,690.2534013605442,940.3996598639455,29.166666666666668,0.0,0.0,0.0,0.0,14119.062925170068,30.89965986394558,2.02620283097557,0.1616103339839887,1.0,5.9982993197278915,0.0545299938157081,3.0,3.8863378684807253,0.3895731064098411,0.00510204081632653,0.00510204081632653,0.00018896447467876037,53.0,0.31539070718284007,0.0,0.0,0.0,0.7466678127499985,0.9889567528517166
25,8.09291472210437,3.0,44.151463725074244,0.4017819261773441,628.2889266016123,27.669070852778955,0.0,0.0,1.243954179041154,7.238014425116674,31715.976240984302,33.28553245651251,2.273988438135715,0.18011941983949095,2.0,10.195163343232924,0.09268330312029929,4.853203224437845,3.4596733135341533,0.349206999983941,5.449299957573186,1.9923692344990604,0.10611745829713586,53.0,0.3029114558816792,-5.99406024607552,0.018299486759628843,0.0,0.0007521182871207901,0.991269496319932
26,7.0256410256410255,5.0,50.46153846153846,0.0,1064.4615384615386,14.846153846153847,0.0,0.0,0.6666666666666666,0.5128205128205128,13594.51282051282,34.333333333333336,2.620999996735291,0.18606612589776483,2.0,4.743589743589744,0.05735930735930735,3.0,4.0,0.4041514041514041,0.02564102564102564,0.02564102564102564,0.0009496676163342829,53.0,0.3582072936002521,0.15384615384615385,0.03205128205128205,0.0,0.0,0.9793817912237821
27,5.484202512371526,3.0,22.75142748382185,557.1225732775029,633.7776931861439,1.1941377997716025,0.0,0.0,0.0,0.015607156452226875,656.087171678721,26.512371526456032,1.3701739566153965,0.11645755060452402,0.0,0.0,0.0,1.1629234868671487,1.0,0.07745200702947182,0.0007613247049866769,0.0007613247049866769,2.8197211295802843e-05,53.0,0.24026108133912202,-0.015607156452226875,0.0,0.0,0.8899628328198572,0.979447773554252
28,4.293018682399214,2.0,15.824975417895772,1.5781710914454277,402.3874139626352,3.254670599803343,0.0,0.0,0.0,0.063913470993117,0.0,23.782694198623403,1.218049492570766,0.11112517208266144,0.0,0.0,0.0,0.0,0.0,0.0,0.0009832841691248771,0.0009832841691248771,3.641793218981026e-05,53.0,0.17594703709231282,-0.063913470993117,0.0,0.0,0.0,0.9959532321884588
29,7.098298676748582,4.0,47.731568998109644,717.4574669187145,1020.7277882797731,21.43100189035917,0.0,0.0,0.0,0.0,11258.682419659735,32.99810964083176,2.3260726969923295,0.17304793810225017,1.0,6.083175803402646,0.05530159821275133,3.0,3.9836168872085698,0.40211505570673806,0.00945179584120983,0.00945179584120983,0.00035006651263740107,53.0,0.3482433411278904,0.0,0.0,0.0,0.7128185817893626,0.977130998377343
30,10.0,5.0,84.70833333333333,0.4387254901960784,1446.1446078431372,51.11764705882353,0.0,0.0,0.6348039215686274,3.889705882352941,55348.80882352941,42.47303921568628,3.6040026291287925,0.26367217939246174,4.0,22.368872549019606,0.22274343948105557,10.992647058823529,3.404500891265597,0.3854173468144056,10.686274509803921,3.0364624754330634,0.16182516648202921,53.0,0.5241741126524222,-3.2549019607843137,0.007452576268697795,0.0,0.0003262525044838729,0.9753136389691995
31,4.34185733512786,0.0,12.253028263795423,0.0,22.138627187079408,2.0013458950201883,0.0,0.0,1.6790040376850606,10.439434724091521,0.0,23.22880215343203,1.1602913669994679,0.10891061583511155,1.0,1.0,0.00909090909090909,0.0,0.0,0.0,0.0013458950201884253,0.0013458950201884253,4.9847963710682415e-05,53.0,0.12518528222412154,-8.76043068640646,0.03059760557545776,0.0,0.0,0.0
32,8.023696682464456,5.0,65.82938388625593,0.0,1381.2843601895734,44.70142180094787,0.0,0.0,0.0,0.0,17775.16113744076,37.677725118483416,3.1060588726128024,0.21673892960364716,2.0,6.317535545023697,0.07811288237828522,4.985781990521327,3.6189573459715643,0.3670373070847005,0.0,0.0,0.0,53.0,0.4330138389299896,0.0,0.0,0.0,0.0,0.9676061682676435
33,8.028301886792454,5.0,63.339622641509436,0.0,1377.8396226415093,49.37735849056604,0.0,0.0,0.0,0.0,13195.783018867925,37.27358490566038,2.9274653747987474,0.20893437479043592,1.0,9.88679245283019,0.08987993138936536,5.0,3.624528301886792,0.3677025019006151,0.0,0.0,0.0,53.0,0.4245908158797353,0.0,0.0,0.0,0.0,0.9715100375514939
34,7.0,3.0,38.598214285714285,667.3214285714286,861.9196428571429,10.071428571428571,0.0,0.0,0.0,0.0,7037.080357142857,30.348214285714285,1.7899939786622536,0.14412705309268842,1.0,2.3839285714285716,0.021672077922077922,3.0,2.6517857142857144,0.23500457875457872,0.0,0.0,0.0,53.0,0.29307564915461887,0.0,0.0,0.0,0.7793195210031253,0.9918850547499592
35,6.81318082788671,2.0,27.7979302832244,0.2113289760348584,318.72058823529414,15.537037037037036,0.0,0.0,1.6557734204793029,7.434640522875817,87913.02450980392,27.335511982570807,1.6251088776856355,0.1400721647041385,1.0,3.272331154684096,0.02974846504258269,2.3654684095860565,3.231753812636166,0.2848141630821369,0.03104575163398693,0.029411764705882353,0.0010893246187363835,53.0,0.20602500894552866,-5.778867102396514,0.03058686576836644,0.0,8.730784531472495e-05,0.997631076838521
36,6.033333333333333,0.0,31.023809523809526,535.3619047619047,603.6571428571428,18.985714285714284,0.0,0.0,0.0,0.0,65500.41904761905,25.752380952380953,1.5371582755102424,0.13614667991860133,0.0,0.0,0.0,2.0,3.5,0.27884615384615385,0.0,0.0,0.0,53.0,0.18870577618154963,0.0,0.0,0.0,0.9050910903797864,0.0
37,7.0,3.0,39.142857142857146,664.2,868.3714285714286,12.514285714285714,0.0,0.0,0.0,0.0,9147.771428571428,29.228571428571428,1.7501383537832769,0.1429169759125232,0.0,0.0,0.0,3.0,2.657142857142857,0.2363073434502006,0.0,0.0,0.0,53.0,0.2860072602004324,0.0,0.0,0.0,0.7657948792089143,0.9803153212187328
38,6.0576923076923075,2.0,29.03846153846154,571.9807692307693,653.3653846153846,8.48076923076923,0.0,0.0,0.0,0.0,4750.346153846154,25.807692307692307,1.4799854810431734,0.1298451731186363,0.0,0.0,0.0,2.0,2.5,0.1960059171597633,0.0,0.0,0.0,53.0,0.2270347569171221,0.0,0.0,0.0,0.8814195013096207,0.9989003385549307
39,9.195121951219512,5.0,73.96515679442508,0.036585365853658534,1362.8397212543555,54.430313588850176,0.0,0.0,1.1045296167247387,3.3902439024390243,48621.49128919861,40.58885017421603,3.438806156583063,0.2492596349536995,4.0,16.733449477351915,0.16690529578618704,9.003484320557492,3.307588075880759,0.37066541316686497,8.71951219512195,2.936301479202176,0.15656040289702697,53.0,0.47863789469254003,-2.2857142857142856,0.013238899249122306,0.0,3.942388561816653e-05,0.9681499184566943
40,5.466666666666667,4.0,31.685714285714287,613.995238095238,771.1095238095238,3.5238095238095237,0.0,0.0,0.0,0.0,113.42380952380952,28.566666666666666,1.8581216428906986,0.14228693421118738,0.0,0.0,0.0,1.0,4.0,0.3076923076923077,0.0,0.0,0.0,53.0,0.27696968599577415,0.0,0.0,0.0,0.8028152319243058,0.9794374261647807
41,7.0,4.0,44.32,0.0,913.1866666666666,11.2,0.0,0.0,0.16,0.0,2837.8133333333335,31.85333333333333,2.239891277116233,0.17039022803963108,0.0,0.0,0.0,3.0,3.9955555555555557,0.40378103378103375,0.0,0.0,0.0,53.0,0.3155071423027582,0.16,0.0,0.0,0.0,0.976083759648496
42,6.068825910931174,3.0,31.016194331983804,610.0607287449393,741.5748987854251,6.753036437246964,0.0,0.0,0.0,0.0,2595.862348178138,27.441295546558706,1.6436878780854465,0.13499716507290688,0.0,0.0,0.0,2.0,2.5,0.19588913111180317,0.0,0.0,0.0,53.0,0.265237434053264,0.0,0.0,0.0,0.8302061448476026,0.9899514518062982
43,9.008888888888889,5.0,80.46666666666667,0.0,1678.7066666666667,78.18222222222222,0.0,0.0,0.0,0.0,35888.462222222224,40.586666666666666,3.3961599493242627,0.24165681170893064,3.0,13.616296296296296,0.1424858104858105,8.946666666666667,3.013641975308642,0.33538491498213724,0.0,0.0,0.0,53.0,0.5338417713505414,0.0,0.0,0.0,0.0,0.96306110478475
44,5.20353982300885,0.0,26.761061946902654,550.7699115044247,658.1858407079646,19.902654867256636,0.0,0.0,0.0,0.26548672566371684,4.424778761061947,24.902654867256636,1.3981822800772397,0.12621936694832606,0.0,0.0,0.0,1.0,4.0,0.3076923076923077,0.0,0.0,0.0,53.0,0.19155943245963694,-0.26548672566371684,0.0,0.0,0.8483884295889219,0.0
45,5.678868552412646,4.0,26.78369384359401,618.144758735441,713.0665557404326,1.6672212978369385,0.0,0.0,0.0,0.04326123128119801,401.91680532445923,28.522462562396008,1.5890821959349857,0.12511910151365746,0.0,0.0,0.0,1.3427620632279533,1.0,0.07802167327957678,0.0016638935108153079,0.0016638935108153079,6.162568558575214e-05,53.0,0.2726403833267667,-0.04326123128119801,0.0,0.0,0.8742153814899692,0.9785613139489517
46,6.1724915445321304,0.0,24.505073280721533,0.0,376.6335963923337,6.57271702367531,0.0,0.0,0.02254791431792559,0.2762119503945885,348643.5310033822,25.00338218714769,1.5340377556871254,0.13648602334308024,0.0,0.0,0.0,2.1352874859075537,3.5443442314919205,0.29310585130765515,0.009019165727170236,0.009019165727170236,0.00033404317508037914,53.0,0.17185383459715428,-0.25366403607666294,0.0011273957158962795,0.0,0.0,0.0
47,5.638629283489097,3.0,21.625129802699895,0.0,539.9376947040498,1.3883696780893042,0.0020768431983385254,0.0,0.0,0.0,2177.066458982347,26.329179646936655,1.3699070742733626,0.11739551581174766,0.0,0.0,0.0,1.2087227414330217,1.0,0.0776839838366318,0.004153686396677051,0.004153686396677051,0.00015384023691396485,53.0,0.22952131484607416,0.0,0.0,0.0020768431983385254,0.0,0.9801427500786356
48,8.0,4.0,62.48148148148148,0.0,1296.851851851852,66.88888888888889,0.0,0.0,0.0,0.0,1486.111111111111,36.370370370370374,2.6647464925242703,0.1990753689163794,1.0,19.444444444444443,0.17676767676767677,5.0,3.7629629629629626,0.3820851987518654,0.0,0.0,0.0,53.0,0.41223473820802675,0.0,0.0,0.0,0.0,0.990543010279105
49,6.394856278366112,2.0,19.28290468986384,0.14826021180030258,54.367624810892586,1.934947049924357,0.0,0.0,1.3524962178517397,7.049924357034795,6902.384266263238,25.234493192133133,1.308341007118538,0.11718975548242369,1.0,1.1906202723146748,0.010823820657406134,1.502269288956127,1.0592536560766515,0.08459543482236372,0.018154311649016642,0.01664145234493192,0.0006163500868493303,53.0,0.1634610418111215,-5.697428139183056,0.022237660835006567,0.0,0.0,0.9975636699441732
50,11.0,6.0,109.76536312849161,0.3407821229050279,2038.2569832402235,109.02793296089385,0.0,0.0,0.0,0.16759776536312848,61741.34636871509,45.29608938547486,4.3713442073062705,0.31434075109973275,5.0,26.932960893854748,0.28340386562259023,11.977653631284916,4.114863721008972,0.4870653012412789,13.083798882681565,2.911124838848303,0.16039326130108253,53.0,0.7194440728410224,-0.16759776536312848,0.0,0.0,0.00018490619799513183,0.9624005566125555
51,6.277777777777778,2.0,25.22222222222222,0.0,482.3611111111111,6.722222222222222,0.0,0.0,0.0,0.2777777777777778,7594.736111111111,25.98611111111111,1.4819337803456163,0.12999374147302334,0.0,0.0,0.0,2.0555555555555554,2.490740740740741,0.19781279677113012,0.027777777777777776,0.027777777777777776,0.0010288065843621398,53.0,0.21346929448511714,-0.2777777777777778,0.0,0.0,0.0,0.997489078797873
52,6.176229508196721,2.0,21.581967213114755,0.3442622950819672,103.0,4.348360655737705,0.0,0.0,3.3524590163934427,18.93032786885246,2700.594262295082,25.78688524590164,1.4630583051740607,0.12870339614911946,1.0,1.1065573770491803,0.010059612518628911,1.0573770491803278,4.0,0.3084279108869273,0.004098360655737705,0.004098360655737705,0.00015179113539769276,53.0,0.17292957309611293,-15.577868852459016,0.10286788451180574,0.0,0.0,0.9977687444388604
53,10.0,4.0,73.76923076923077,0.49230769230769234,1236.8846153846155,64.61538461538461,0.0,0.0,1.476923076923077,16.423076923076923,90601.31538461539,40.94615384615385,3.275856547888739,0.25118090527479403,3.0,26.874358974358973,0.251198625935468,10.992307692307692,3.3884615384615384,0.38195172135556754,11.676923076923076,4.089587591895285,0.21025849506618738,53.0,0.4953579332366857,-14.946153846153846,0.009978265032981031,0.0,0.00044404789064661596,0.9919839517885853
54,5.0,2.0,21.03125,547.96875,616.53125,5.0,0.0,0.0,0.0,0.0,0.0,24.8125,1.313687512668491,0.11728845340660411,0.0,0.0,0.0,1.0,2.0,0.15384615384615385,0.0,0.0,0.0,53.0,0.2251738305268782,0.0,0.0,0.0,0.8923991146361552,0.9983343851999184
55,7.0,4.0,41.5,698.1212121212121,836.5151515151515,5.7727272727272725,0.0,0.0,0.0,0.0,6518.136363636364,32.515151515151516,2.046903788619331,0.15378623152741394,1.0,2.272727272727273,0.020661157024793386,3.0,2.6616161616161613,0.2367262367262367,0.030303030303030304,0.030303030303030304,0.0011223344556677889,53.0,0.30786455380901845,0.0,0.0,0.0,0.8369614281443007,0.9847428761843081
56,5.313905930470348,0.0,15.452965235173824,0.0,23.18916155419223,1.7351738241308794,0.0,0.0,1.5501022494887526,13.215746421267893,5161.978527607362,23.918200408997954,1.222034257080129,0.1130565265012144,1.0,1.0010224948875255,0.009100204498977506,1.0337423312883436,1.0,0.07704932819963495,0.002044989775051125,0.002044989775051125,7.574036203893054e-05,53.0,0.12790623100801973,-11.66564417177914,0.03507718708563429,0.0,0.0,0.0
57,5.315904139433552,0.0,21.152505446623092,0.0,294.4052287581699,7.749455337690632,0.002178649237472767,0.0,0.06535947712418301,0.6427015250544662,304.28322440087146,24.938997821350764,1.391235478129482,0.12561284275783569,0.0,0.0,0.0,1.0021786492374727,4.0,0.3077202390927881,0.002178649237472767,0.002178649237472767,8.069071249899137e-05,53.0,0.15263501594738912,-0.5773420479302832,0.0008714596949891068,0.002178649237472767,0.0,0.0
58,6.26537216828479,4.0,36.65695792880259,0.0,848.242718446602,8.608414239482201,0.0,0.0,0.0,0.06472491909385113,19017.333333333332,29.805825242718445,1.973079210294891,0.15039488248784255,0.0,0.0,0.0,2.016181229773463,3.49730312837109,0.2793326773909299,0.0,0.0,0.0,53.0,0.3068400916518397,-0.06472491909385113,0.0,0.0,0.0,0.9717662630227603
59,5.891891891891892,2.0,19.063063063063062,0.0,319.9099099099099,6.2342342342342345,0.02702702702702703,0.0,0.0,0.009009009009009009,7687.7657657657655,24.792792792792792,1.324538488306604,0.11873904680749345,0.0,0.0,0.0,1.162162162162162,2.0,0.15456802956802956,0.018018018018018018,0.018018018018018018,0.0006673340006673339,53.0,0.1883019158310808,-0.009009009009009009,0.0,0.02702702702702703,0.0,0.9970879589021014
60,6.193181818181818,3.0,24.511363636363637,0.0,509.9318181818182,2.147727272727273,0.0,0.0,0.0,0.18181818181818182,3333.693181818182,27.03409090909091,1.5184198471998323,0.12756112838280234,0.0,0.0,0.0,2.0113636363636362,1.4981060606060608,0.1191551504051504,0.022727272727272728,0.022727272727272728,0.0008417508417508417,53.0,0.2348837627609661,-0.18181818181818182,0.0,0.0,0.0,0.9852401021794176
61,10.0,6.0,93.20338983050847,0.0,1938.2881355932204,103.11864406779661,0.0,0.0,0.0,0.0,54482.1186440678,43.33898305084746,3.7405077735170416,0.26330771644740314,3.0,19.63276836158192,0.21975199941301637,10.898305084745763,2.9442218798151,0.32927785491344813,0.0,0.0,0.0,53.0,0.6341967744951101,0.0,0.0,0.0,0.0,0.9598968652582863
62,7.012658227848101,3.0,41.278481012658226,630.4810126582279,823.4683544303797,10.784810126582279,0.0,0.0,0.0,0.0,3931.9113924050635,29.746835443037973,1.9781295358351794,0.16115099618479525,0.0,0.0,0.0,3.0,4.0,0.4041514041514041,0.0,0.0,0.0,53.0,0.2789105134811208,0.0,0.0,0.0,0.775694209049541,0.9911331151122712
63,7.0,3.0,28.831460674157302,166.9438202247191,166.95505617977528,2.932584269662921,0.0,0.0,17.584269662921347,59.39325842696629,4822.101123595506,29.269662921348313,1.7607528158699406,0.1427341218823287,1.0,1.898876404494382,0.017262512768130747,2.0,3.5,0.27884615384615385,0.011235955056179775,0.011235955056179775,0.00041614648356221387,53.0,0.21638346457048002,-41.80898876404494,0.22541982330708302,0.0,0.9999728600119416,0.9854926821853554
64,9.007874015748031,6.0,86.10236220472441,0.0,1875.6456692913387,97.1732283464567,0.0,0.0,0.0,0.0,27862.023622047243,41.61417322834646,3.8242513248226713,0.2639126928970351,3.0,16.16272965879265,0.17873674881548895,8.968503937007874,3.1959755030621175,0.357559331525867,0.0,0.0,0.0,53.0,0.5975944333960064,0.0,0.0,0.0,0.0,0.9600496114194488
65,8.0,4.0,47.663636363636364,0.18636363636363637,855.6954545454546,19.381818181818183,0.0,0.0,0.41363636363636364,1.209090909090909,15290.845454545455,34.095454545454544,2.3542870037652897,0.1784468656416316,1.0,9.218181818181819,0.08380165289256199,4.490909090909091,3.331060606060606,0.3330595099345099,3.0136363636363637,1.0242424242424242,0.05633417508417508,53.0,0.3358893727960403,-0.7954545454545454,0.003725296442687747,0.0,0.00038276472263983416,0.9856283308746469
66,8.0,3.0,67.4,787.75,1413.05,76.35,0.0,0.0,0.0,0.0,6538.7,34.5,2.4838146167557933,0.1936015732068062,1.0,10.0,0.09090909090909091,5.0,3.8,0.38644688644688646,0.0,0.0,0.0,53.0,0.42161598199350514,0.0,0.0,0.0,0.5593734548768027,0.9958501753625086
67,7.0,4.0,45.97674418604651,681.2093023255813,989.8139534883721,8.046511627906977,0.0,0.0,0.0,0.0,1741.4186046511627,31.976744186046513,2.271854034698514,0.17118394996641337,0.0,0.0,0.0,3.0,4.0,0.4041514041514041,0.0,0.0,0.0,53.0,0.323659609748836,0.0,0.0,0.0,0.6910644215938615,0.9800706542713858
68,5.762711864406779,3.0,22.451977401129945,0.0,543.6497175141243,2.977401129943503,0.0,0.0,0.0,0.1694915254237288,1140.3954802259886,26.480225988700564,1.4469289062693633,0.12234200005065804,0.0,0.0,0.0,1.265536723163842,2.0,0.1551421742099708,0.005649717514124294,0.005649717514124294,0.00020924879681941827,53.0,0.23282363789949043,-0.1694915254237288,0.0,0.0,0.0,0.9869587896196953
69,8.007575757575758,5.0,66.21212121212122,861.3181818181819,1326.0227272727273,39.21212121212121,0.0,0.0,0.0,0.0,13981.09090909091,37.77272727272727,3.1565713440713443,0.21920924795060895,2.0,6.071969696969697,0.07327823691460054,4.992424242424242,3.634469696969697,0.3695540570540571,0.0,0.0,0.0,53.0,0.4234780902639595,0.0,0.0,0.0,0.6565457501413439,0.9741481832648464
70,10.0,6.0,92.0909090909091,0.0,1606.0227272727273,55.02272727272727,0.0,0.0,0.0,4.5,39628.77272727273,43.68181818181818,3.7634537766673075,0.2712204216531648,4.0,24.494318181818183,0.2502058348350214,11.0,3.696280991735537,0.4226764397218943,10.068181818181818,2.3342975206611567,0.12863483318028773,53.0,0.5520564870679739,-4.5,0.0,0.0,0.0,0.9725646004849916
71,17.044444444444444,7.0,116.0111111111111,0.0,2939.866666666667,0.0,0.0,0.0,0.0,0.0,152058.54444444444,75.88888888888889,3.99927485380117,0.38196126011740045,7.0,42.025396825396825,0.4986768742584753,17.0,2.996732026143791,0.38107906980456,30.555555555555557,5.700173237753883,0.26262159000398244,53.0,3.6118433250216633,0.0,0.0,0.0,0.0,0.9605543762138794
72,6.322222222222222,3.0,25.91111111111111,0.0,242.61111111111111,5.007407407407407,0.0,0.0,3.6222222222222222,12.114814814814816,4993.344444444445,27.68888888888889,1.6366799606949414,0.13625720071618222,1.0,1.6,0.014545454545454545,1.262962962962963,4.0,0.3110636277302944,0.022222222222222223,0.022222222222222223,0.0008230452674897119,53.0,0.21521763567938992,-8.492592592592592,0.0424291726731022,0.0,0.0,0.9883731605818253
73,5.684844192634561,0.0,16.28328611898017,0.0,245.79036827195466,0.7811614730878187,0.0,0.0,0.0,0.049575070821529746,406295.2981586402,22.273371104815865,1.134505798798005,0.1077288296157421,0.0,0.0,0.0,1.0134560906515582,1.0,0.076966205418755,0.000708215297450425,0.000708215297450425,2.623019620186759e-05,53.0,0.13489380306508225,-0.049575070821529746,0.0,0.0,0.0,0.0
74,5.681481481481481,4.0,25.933333333333334,0.0,679.9925925925926,1.4,0.0,0.0,0.0,0.0,415.9259259259259,28.362962962962964,1.6062302187287079,0.12695874018408188,0.0,0.0,0.0,1.3333333333333333,1.0,0.07799145299145299,0.0,0.0,0.0,53.0,0.26701545542912086,0.0,0.0,0.0,0.0,0.9804075611409865
75,9.0,5.0,78.88372093023256,1128.6744186046512,1599.9302325581396,64.44186046511628,0.0,0.0,0.0,0.0,33684.3023255814,40.69767441860465,3.496121160486626,0.24641144040675658,3.0,13.271317829457363,0.13982683982683983,8.976744186046512,2.9977390180878554,0.33227108001817307,0.0,0.0,0.0,53.0,0.49716043740287613,0.0,0.0,0.0,0.7059239778523206,0.9733255376946726
76,5.397941680960549,0.0,20.23156089193825,0.0,93.98627787307032,12.816466552315608,0.0,0.0,3.1526586620926245,16.27958833619211,6150.88679245283,24.99485420240137,1.3873476621832597,0.1252489426966997,1.0,1.0171526586620927,0.009246842351473569,1.0034305317324186,4.0,0.30773628886836435,0.005145797598627788,0.005145797598627788,0.0001905850962454736,53.0,0.1366451595841811,-13.126929674099486,0.09262091878288384,0.0,0.0,0.0
77,5.2637795275590555,3.0,23.456692913385826,583.5511811023622,681.996062992126,3.326771653543307,0.0,0.0,0.0,0.0,705.7598425196851,26.673228346456693,1.4732932039215316,0.12298888541186671,0.0,0.0,0.0,1.0433070866141732,2.0,0.1540101958409045,0.0,0.0,0.0,53.0,0.24629514123822827,0.0,0.0,0.0,0.8636967978890184,0.98672506616025
78,5.45,4.0,30.5,0.0,744.8583333333333,5.241666666666666,0.0,0.0,0.0,0.0,381.84166666666664,28.666666666666668,1.8061526764992655,0.13950325853692452,0.0,0.0,0.0,1.0,4.0,0.3076923076923077,0.0,0.0,0.0,53.0,0.27327943982545116,0.0,0.0,0.0,0.0,0.9734082511178186
79,8.959677419354838,2.0,29.508064516129032,0.0,495.78225806451616,4.112903225806452,0.0,0.0,0.0,0.0,1208089.2338709678,25.693548387096776,1.535227870280465,0.13473109689697013,2.0,1.0,0.00909090909090909,3.0,2.6666666666666665,0.2136752136752137,5.032258064516129,1.0,0.05545599362803664,53.0,0.2191148683992696,0.0,0.0,0.0,0.0,1.0
80,6.261146496815287,0.0,23.24203821656051,0.0,427.7070063694268,0.0,0.0,0.0,0.0,0.0,1266077.6305732485,21.808917197452228,1.298589333218245,0.12124449237146011,0.0,0.0,0.0,1.9745222929936306,3.0,0.2371182426914911,0.0,0.0,0.0,53.0,0.15116100301285904,0.0,0.0,0.0,0.0,0.0
81,5.481012658227848,0.0,16.717299578059073,415.746835443038,480.9367088607595,2.1350210970464136,0.0,0.0,0.0,0.02109704641350211,18547.915611814347,23.054852320675106,1.164229415272488,0.1092118245895817,0.0,0.0,0.0,1.0590717299578059,1.0,0.0771124093908904,0.0,0.0,0.0,53.0,0.16084917792884584,-0.02109704641350211,0.0,0.0,0.8870084756359969,0.0
82,18.0,6.0,116.6923076923077,0.0,3007.9615384615386,0.0,0.0,0.0,0.0,0.0,174372.6923076923,75.0,4.067692307692308,0.3906865100711255,7.0,41.89010989010989,0.4870995302795391,17.0,2.9615384615384617,0.37817674407040924,30.76923076923077,5.846924110835402,0.2685043979566829,53.0,3.8273552065505565,0.0,0.0,0.0,0.0,0.9636156840716862
83,6.00990099009901,2.0,20.712871287128714,0.0,329.0792079207921,3.3366336633663365,0.0,0.0,0.09900990099009901,0.2376237623762376,6133.346534653465,25.168316831683168,1.4385907003664213,0.12707631914669965,0.0,0.0,0.0,1.5247524752475248,3.0,0.235006467679735,0.009900990099009901,0.009900990099009901,0.0003667033370003667,53.0,0.1929999962346486,-0.13861386138613863,0.011001100110011002,0.0,0.0,0.9954587949752305
84,8.0078125,2.0,24.9921875,0.0,426.734375,4.8125,0.0,0.0,0.0,0.9375,695142.5,25.1640625,1.510437953313293,0.13331640800197608,1.0,1.0,0.00909090909090909,3.0,2.6666666666666665,0.2136752136752137,3.0234375,1.0,0.055447048611111105,53.0,0.20859758490713443,-0.9375,0.0,0.0,0.0,1.0
85,7.345238095238095,0.0,25.047619047619047,0.0,457.29761904761904,0.0,0.0,0.0,0.0,0.0,958878.2261904762,19.976190476190474,1.0023242630385487,0.09908130203063967,1.0,1.0,0.00909090909090909,1.130952380952381,1.0,0.0773427960927961,0.0,0.0,0.0,53.0,0.11954388324348608,0.0,0.0,0.0,0.0,0.0
86,5.3,0.0,16.593333333333334,0.0,219.04,1.6266666666666667,0.0,0.0,0.0,0.8333333333333334,6840.8133333333335,24.14666666666667,1.2490342688331246,0.11503529205356597,0.0,0.0,0.0,1.04,2.0,0.15401709401709401,0.0,0.0,0.0,53.0,0.14169419893175483,-0.8333333333333334,0.0,0.0,0.0,0.0
87,5.582278481012659,3.0,26.658227848101266,617.3037974683544,726.8481012658228,5.9113924050632916,0.0,0.0,0.0,0.0,2796.1075949367087,26.981012658227847,1.6069578143301881,0.1320768901008476,0.0,0.0,0.0,1.4303797468354431,3.0,0.23381207400194742,0.0,0.0,0.0,53.0,0.2596636859222189,0.0,0.0,0.0,0.8558848413954513,0.9901362062249139
88,8.1,2.0,24.1,0.0,553.5,0.0,0.0,0.0,0.0,0.0,1596277.35,20.0,1.15,0.1090619103119103,2.0,1.0,0.00909090909090909,2.0,1.0,0.08012820512820512,5.05,1.0,0.055401234567901234,53.0,0.21545369903459122,0.0,0.0,0.0,0.0,1.0
89,8.05,0.0,47.08125,0.0,788.6375,50.98125,0.0,0.0,0.13125,12.275,56379.58125,31.93125,2.276658266129032,0.18840085733202544,2.0,13.584375,0.12349431818181818,4.98125,3.765625,0.38300108745421246,5.61875,2.1267559523809525,0.11139467592592592,53.0,0.27233593010052104,-12.14375,0.006940607734806629,0.0,0.0,0.0
90,8.0,2.0,37.44827586206897,0.0,512.9310344827586,16.70689655172414,0.0,0.0,2.3793103448275863,9.206896551724139,13322.98275862069,29.775862068965516,1.8794429858968764,0.15797488016535932,1.0,8.448275862068966,0.07680250783699061,4.103448275862069,3.224425287356322,0.31958707001810444,3.0344827586206895,1.0172413793103448,0.056353767560664104,53.0,0.2434024176161438,-6.827586206896552,0.007060268085541798,0.0,0.0,0.9987044245611676
91,5.351063829787234,0.0,17.71276595744681,0.0,198.74468085106383,6.23404255319149,0.0,0.0,0.0,0.0,13307.617021276596,24.51063829787234,1.3255613381376563,0.1206763434028063,0.0,0.0,0.0,1.1595744680851063,3.0,0.23199672667757776,0.0,0.0,0.0,53.0,0.1518827082463098,0.0,0.0,0.0,0.0,0.0
92,6.0,3.0,25.166666666666668,0.0,640.125,0.041666666666666664,0.0,0.0,0.0,0.0,1059202.2916666667,27.666666666666668,1.6739371207762013,0.13819470026945502,0.0,0.0,0.0,2.0,3.5,0.27884615384615385,0.0,0.0,0.0,53.0,0.2744225666521252,0.0,0.0,0.0,0.0,0.970137964475995
93,7.0181818181818185,3.0,35.236363636363635,634.8909090909091,794.4181818181818,7.709090909090909,0.0,0.0,0.0,0.0,10737.563636363637,29.12727272727273,1.6945818793635812,0.13906218591304528,1.0,1.5454545454545454,0.014049586776859503,2.0,3.5,0.27884615384615385,0.0,0.0,0.0,53.0,0.2833118315989022,0.0,0.0,0.0,0.8052031828825633,0.9911279322329838
94,8.049242424242424,2.0,42.0,0.3068181818181818,595.1098484848485,33.71969696969697,0.0,0.0,1.1742424242424243,7.106060606060606,18145.689393939392,31.564393939393938,2.108879956290984,0.17440964149752647,2.0,9.651515151515152,0.08774104683195592,4.829545454545454,3.435037878787879,0.3465015886890887,5.340909090909091,1.2402176527176527,0.06651281888550406,53.0,0.265911932792095,-5.931818181818182,0.01921100638491943,0.0,0.0006320048589993911,0.9975659576762641
95,6.195652173913044,4.0,31.97826086956522,0.0,811.7173913043479,4.586956521739131,0.0,0.0,0.0,0.0,2764.0434782608695,29.152173913043477,1.8404232577992976,0.14176495484283835,0.0,0.0,0.0,2.0,2.5,0.19600055741360087,0.0,0.0,0.0,53.0,0.2886189677164575,0.0,0.0,0.0,0.0,0.9849389636667626
96,5.221739130434782,0.0,16.3,0.0,27.304347826086957,3.734782608695652,0.0,0.0,2.6695652173913045,20.078260869565216,1803.2826086956522,24.23913043478261,1.2773981494246145,0.1171638500097355,1.0,1.0,0.00909090909090909,1.0478260869565217,2.0,0.15401337792642142,0.004347826086956522,0.004347826086956522,0.0001610305958132045,53.0,0.1274102341271123,-17.408695652173915,0.062286569308308434,0.0,0.0,0.0
97,9.0,0.0,60.22641509433962,0.0,1031.4528301886792,73.50943396226415,0.0,0.0,6.30188679245283,10.547169811320755,47864.660377358494,34.905660377358494,2.6908197241160616,0.22467752602206384,3.0,21.836477987421382,0.20272937919412595,9.0,3.3123689727463317,0.37132048594312744,9.566037735849056,3.7893987040213455,0.19358072337632085,53.0,0.34806236199778445,-4.245283018867925,0.043911782607139016,0.0,0.0,0.0
98,8.0,0.0,33.8125,0.0,403.0681818181818,0.0,0.0,0.0,0.0,0.0,42769.482954545456,25.056818181818183,1.3236713286713286,0.12059757186286907,1.0,17.0,0.15454545454545454,5.0,2.4,0.23891941391941393,3.034090909090909,1.0,0.05539772727272727,53.0,0.14951817115637508,0.0,0.0,0.0,0.0,0.0
99,8.974358974358974,2.0,26.76923076923077,0.0,325.3076923076923,8.538461538461538,0.0,0.0,0.0,0.0,80494.38461538461,25.205128205128204,1.7241420118343194,0.14973299788092687,2.0,1.3205128205128205,0.012004662004662004,4.0,2.7435897435897436,0.251984126984127,5.0256410256410255,1.0,0.0554764165875277,53.0,0.17757761293339785,0.0,0.0,0.0,0.0,1.0
100,8.0,0.0,34.94444444444444,0.0,542.9722222222222,0.0,0.0,0.0,0.0,0.0,1113301.5972222222,29.76388888888889,1.2835568326947637,0.11411669663705104,1.0,8.0,0.07272727272727272,4.0,1.9027777777777777,0.16319444444444445,3.0,1.0,0.05555555555555555,53.0,0.17014173912473796,0.0,0.0,0.0,0.0,0.0
101,11.0,6.0,110.4,0.0,2129.15,95.2,0.0,0.0,0.0,0.0,131650.0,45.85,4.653188405797101,0.33158043352246247,5.0,30.1,0.32492392746572313,12.0,4.208333333333334,0.49809116809116805,13.85,5.1346474358974366,0.2769695004070004,53.0,0.8088962614328542,0.0,0.0,0.0,0.0,0.9473243346132362
102,8.022727272727273,3.0,55.40909090909091,0.0,1032.090909090909,59.06818181818182,0.0,0.0,1.2045454545454546,0.5909090909090909,28752.75,33.72727272727273,2.4361960176632635,0.19263964909240572,1.0,19.022727272727273,0.17293388429752066,4.9772727272727275,3.7636363636363637,0.38171620046620053,3.0681818181818183,1.0075757575757576,0.05566077441077441,53.0,0.34421253049639944,0.6136363636363636,0.04632867132867133,0.0,0.0,0.9923310377842568
103,11.0,5.0,102.41935483870968,0.0,1959.3548387096773,190.8709677419355,0.0,0.0,2.6451612903225805,10.741935483870968,182840.48387096773,44.774193548387096,4.376418347010995,0.32722475320235556,5.0,29.825806451612905,0.30127740430946265,12.0,4.895161290322581,0.5869451337193273,16.29032258064516,6.290915183277612,0.31384278920648306,53.0,0.7509402727758158,-8.096774193548388,0.03993926150883301,0.0,0.0,0.9817688265320111
104,9.216326530612244,5.0,63.16326530612245,0.5673469387755102,295.58775510204083,38.06938775510204,0.0,0.0,3.6244897959183673,16.1265306122449,67533.7306122449,40.608163265306125,3.5894874980665454,0.2559370106376353,4.0,14.847959183673469,0.15129088956156625,9.008163265306122,3.265,0.3648600337367344,9.722448979591837,6.248182848897135,0.3264108393076647,53.0,0.398195209228154,-12.50204081632653,0.042072711863665416,0.0,0.001746307233795082,0.9805417695799259
105,17.0,3.0,83.73684210526316,0.0,1634.7894736842106,247.23684210526315,0.0,0.0,0.0,0.0,481944.55263157893,47.8421052631579,1.7469403091251683,0.16262412667606324,5.0,1.0,0.011730931607092597,12.105263157894736,1.9479665071770338,0.21255450390065778,13.68421052631579,1.0,0.052016057772636716,53.0,1.6789229833614698,0.0,0.0,0.0,0.0,0.9834307745499004
106,7.764705882352941,2.0,17.88235294117647,0.0,344.55882352941177,0.0,0.0,0.0,0.0,0.0,894665.3235294118,20.058823529411764,1.067451717529117,0.10247734383902009,1.0,1.0,0.00909090909090909,1.0294117647058822,1.0,0.07701734539969834,0.0,0.0,0.0,53.0,0.17069001704228418,0.0,0.0,0.0,0.0,1.0
107,8.210526315789474,0.0,28.092105263157894,0.0,102.77631578947368,0.21052631578947367,0.0,0.0,0.0,3.9473684210526314,32477.17105263158,24.86842105263158,1.2903663841878945,0.11747424391758497,2.0,6.9605263157894735,0.06327751196172249,4.7105263157894735,2.2223684210526318,0.21309162328899173,5.0394736842105265,1.0026315789473685,0.05557992202729046,53.0,0.12446032986520823,-3.9473684210526314,0.0,0.0,0.0,0.0
108,7.435897435897436,0.0,25.384615384615383,0.0,78.28205128205128,0.0,0.0,0.0,0.0,0.0,33475.05128205128,23.974358974358974,1.3310293571163136,0.12142662387366958,1.0,8.051282051282051,0.07319347319347319,3.0,3.3333333333333335,0.32875457875457875,0.0,0.0,0.0,53.0,0.11277886824705692,0.0,0.0,0.0,0.0,0.0
109,5.247191011235955,0.0,17.5,0.0,18.219101123595507,3.033707865168539,0.0,0.0,2.0168539325842696,17.803370786516854,4231.185393258427,24.5,1.3123541809924322,0.11966551272868786,1.0,1.0,0.00909090909090909,1.101123595505618,3.0,0.23148948429847305,0.0,0.0,0.0,53.0,0.12957041473496178,-15.786516853932584,0.04271238491991962,0.0,0.0,0.0
110,16.0,0.0,50.083333333333336,0.0,907.6875,0.0,0.0,0.0,0.0,0.0,0.0,22.0,1.361742424242424,0.1283138578593124,5.0,1.0,0.011730931607092597,2.0,1.0,0.08012820512820512,11.166666666666666,1.0,0.05529835390946502,53.0,0.5436039133636869,0.0,0.0,0.0,0.0,0.0
111,16.0,0.0,80.36,0.0,1450.08,22.64,0.0,0.0,770.6,809.56,1313.6,53.52,3.547308237953521,0.3202769247300137,6.0,30.646666666666665,0.3731226944366264,13.08,2.284395604395604,0.2784083712380416,27.72,7.219470899470899,0.35569566921418777,53.0,1.219418151605287,-38.96,0.9564343858729488,0.0,0.0,0.0
112,6.017241379310345,4.0,33.55172413793103,673.7241379310345,813.0862068965517,5.051724137931035,0.0,0.0,0.0,0.0,1267.948275862069,29.20689655172414,1.937250984861836,0.14703836930178266,0.0,0.0,0.0,2.0,2.5,0.1960654288240495,0.0,0.0,0.0,53.0,0.2906096355325379,0.0,0.0,0.0,0.8318065314371452,0.9839951661508874
113,16.0,0.0,59.888888888888886,0.0,1137.5555555555557,25.703703703703702,0.0,0.0,0.0,37.666666666666664,19559.37037037037,34.48148148148148,1.6542172424525365,0.15263003759735785,5.0,5.851851851851852,0.06820548102281848,3.3703703703703702,2.259259259259259,0.19167458056346945,12.148148148148149,3.640550807217474,0.18649097815764484,53.0,0.6026955424858526,-37.666666666666664,0.0,0.0,0.0,0.0
114,18.0,10.0,133.3,0.0,1301.3666666666666,31.566666666666666,0.0,0.0,216.9,218.1,192956.26666666666,77.13333333333334,3.1075678707257657,0.27068263724666974,8.0,17.708333333333332,0.30321977068339295,16.133333333333333,2.336887254901961,0.288459447347315,30.366666666666667,7.325824372759857,0.36207126144962165,53.0,2.556666033264151,-1.2,0.9990618521384464,0.0,0.0,0.5086287858275712
115,13.0,0.0,39.52,0.0,468.24,0.0,0.0,0.0,0.0,2632.32,0.0,31.36,1.2462903225806452,0.11348833950547661,4.0,1.0,0.0101182099634112,2.0,4.0,0.3108974358974359,9.04,1.0,0.05548148148148147,53.0,0.31798042985408803,-2632.32,0.0,0.0,0.0,0.0
116,16.0,0.0,53.55555555555556,0.0,803.1777777777778,0.0,0.0,0.0,0.0,0.0,0.0,33.355555555555554,1.2445344198285375,0.11267407658812781,5.0,1.0,0.011730931607092597,2.0,5.0,0.38782051282051283,11.4,1.0,0.05502268650416798,53.0,0.5079381323026492,0.0,0.0,0.0,0.0,0.0
117,12.0,0.0,36.2,0.0,109.15,0.0,0.0,0.0,0.0,13049.9,0.0,26.9,1.8866096866096864,0.163311008791778,4.0,1.0,0.010118209963411201,2.05,2.5083333333333333,0.19642094017094017,9.1,1.0,0.05537037037037037,53.0,0.25912694027672956,-13049.9,0.0,0.0,0.0,0.0
118,6.619047619047619,2.0,23.19047619047619,0.0,207.85714285714286,7.809523809523809,0.0,0.0,1.9523809523809523,0.7142857142857143,71152.52380952382,26.38095238095238,1.4042498594879547,0.12549284132162497,1.0,1.0,0.00909090909090909,1.0,4.0,0.3076923076923077,0.0,0.0,0.0,53.0,0.1866333205321933,1.2380952380952381,0.0,0.0,0.0,0.0
119,9.0,0.0,25.897959183673468,0.0,0.5714285714285714,0.32653061224489793,0.0,0.0,0.0,5.673469387755102,313.55102040816325,20.26530612244898,1.2191261119832548,0.11546999772884525,2.0,1.0,0.00909090909090909,2.0,1.0,0.08012820512820512,5.285714285714286,1.0136054421768708,0.05519562322283411,53.0,0.14844217109570873,-5.673469387755102,0.0,0.0,0.0,0.0
120,9.0,4.0,54.8,0.9333333333333333,274.1333333333333,37.733333333333334,0.0,0.0,2.3333333333333335,10.266666666666667,25652.2,38.8,2.9708794827215876,0.22635969127084735,3.0,16.51111111111111,0.15402445507708667,9.0,3.2,0.3553154253154253,8.733333333333333,6.766666666666667,0.36728395061728397,53.0,0.36250748621312145,-7.933333333333334,0.07777777777777778,0.0,0.003748326639892905,0.988643566610504
121,15.0,0.0,45.904761904761905,0.0,0.0,0.0,0.0,0.0,0.0,2343.714285714286,113390.52380952382,24.476190476190474,2.13515873015873,0.1812349799162986,5.0,1.0,0.011730931607092597,2.0,2.5,0.1955128205128205,11.19047619047619,1.0,0.055261610817166365,53.0,0.42098368929919133,-2343.714285714286,0.0,0.0,0.0,0.0
122,6.117647058823529,2.0,21.176470588235293,0.0,223.11764705882354,2.5294117647058822,0.0,0.0,0.0,0.0,714.1764705882352,25.205882352941178,1.3620868517671585,0.12148807006519415,0.0,0.0,0.0,2.0,1.5,0.11877828054298642,0.058823529411764705,0.058823529411764705,0.0021786492374727667,53.0,0.17966659893542397,0.0,0.0,0.0,0.0,0.9957440451721723
123,6.0,0.0,24.12,0.0,406.4,18.76,0.0,0.0,0.0,0.0,12295.64,25.24,1.4376512820512821,0.12897124073931765,0.0,0.0,0.0,2.0,2.5,0.19576923076923078,0.04,0.04,0.0014814814814814814,53.0,0.17336731413649034,0.0,0.0,0.0,0.0,0.0
124,6.073170731707317,3.0,28.195121951219512,619.3414634146342,693.3170731707318,3.3902439024390243,0.0,0.0,0.0,0.0,2148.7073170731705,27.463414634146343,1.554412411561276,0.12896627031938612,0.0,0.0,0.0,2.0,1.5,0.1189806128830519,0.0,0.0,0.0,53.0,0.2692286982475745,0.0,0.0,0.0,0.8951513466097,0.9936914317507001
125,7.027777777777778,0.0,41.44444444444444,630.8888888888889,781.0555555555555,22.416666666666668,0.0,0.0,0.0,0.0,26330.583333333332,28.72222222222222,1.858710140079872,0.15861382750883604,1.0,8.083333333333334,0.07348484848484849,3.0,4.0,0.4041514041514041,0.0,0.0,0.0,53.0,0.24282766918701443,0.0,0.0,0.0,0.8099613391689479,0.0
126,8.0,3.0,30.205128205128204,0.20512820512820512,174.5897435897436,4.6923076923076925,0.0,0.0,2.58974358974359,3.5384615384615383,15071.51282051282,29.41025641025641,1.650796214519387,0.1381307077123365,1.0,3.1025641025641026,0.028205128205128202,3.9743589743589745,2.236752136752137,0.19924098337559876,3.0256410256410255,1.0256410256410255,0.05686134852801519,53.0,0.2124287983138288,-0.9487179487179487,0.00032873109796186715,0.0,0.0012982797792924375,0.9887088353049774
127,10.0,5.0,77.6875,1.375,1785.6875,81.875,0.0,0.0,0.0,0.0,111128.375,42.625,3.7503806755260243,0.27318375924324845,4.0,24.34375,0.2464680878332194,11.0,3.5625,0.40305337024087023,11.6875,5.916360722610722,0.3096953779245446,53.0,0.6027923694424966,0.0,0.0,0.0,0.0008619784547482359,0.9811724137623739
128,9.0,3.0,51.5,0.0,873.5,54.77272727272727,0.0,0.0,0.0,0.0,89441.40909090909,34.68181818181818,2.571814197623373,0.20266504803103044,3.0,11.272727272727273,0.10347977381470205,7.909090909090909,2.965909090909091,0.3227910482374768,8.727272727272727,3.6746933621933624,0.19370958259847149,53.0,0.3652689156157019,0.0,0.0,0.0,0.0,0.9959640418725151
129,6.0,4.0,33.535714285714285,708.4285714285714,850.0,3.2142857142857144,0.0,0.0,0.0,0.0,546.7857142857143,29.464285714285715,1.8357823780853337,0.14037446892941882,0.0,0.0,0.0,2.0,1.5,0.1191620879120879,0.0,0.0,0.0,53.0,0.29140923793250006,0.0,0.0,0.0,0.8340857643961792,0.9831107283638083
130,10.0,5.0,71.60526315789474,1.4473684210526316,1425.2105263157894,37.10526315789474,0.0,0.0,0.0,1.736842105263158,76703.21052631579,41.13157894736842,3.587217796334284,0.2573732016823829,4.0,17.967105263157894,0.18255072489837032,9.0,3.3684210526315788,0.37713764468150435,9.921052631578947,5.197262094630515,0.27845683934865223,53.0,0.500891430114708,-1.736842105263158,0.0,0.0,0.0011786387793588204,0.9736152549683809
131,9.0,3.0,50.08571428571429,0.0,838.9428571428572,57.97142857142857,0.0,0.0,0.9142857142857143,3.4,55155.514285714286,34.08571428571429,2.509331711179095,0.19870166316548157,3.0,10.714285714285714,0.09820915926179084,5.0285714285714285,3.893333333333333,0.394354613640328,8.428571428571429,2.8552040816326527,0.14882674057277231,53.0,0.3418164184575986,-2.4857142857142858,0.0,0.0,0.0,0.9928054440097047
132,7.03030303030303,3.0,28.90909090909091,176.21212121212122,176.21212121212122,5.333333333333333,0.0,0.0,11.848484848484848,26.666666666666668,6650.151515151515,29.575757575757574,1.7190081610015795,0.14095102053165334,1.0,2.4545454545454546,0.02231404958677686,3.0,2.6666666666666665,0.2353202353202353,0.0,0.0,0.0,53.0,0.21359987644276032,-14.818181818181818,0.21863636363636363,0.0,1.0,0.9916754689770332
133,16.0,4.0,116.9,0.0,705.95,133.65,0.0,0.0,2214.8,2214.8,189309.5,70.0,2.5814285714285714,0.2393332461189604,6.0,14.416666666666666,0.22301505769772026,18.0,2.197222222222222,0.28336826753493416,28.95,7.01878078817734,0.3486055331295992,53.0,1.6889766273010292,0.0,1.0001315789473684,0.0,0.0,0.9869585366982776
134,9.0,5.0,58.476190476190474,0.8095238095238095,268.6190476190476,32.23809523809524,0.0,0.0,9.666666666666666,8.857142857142858,39749.95238095238,40.19047619047619,3.2124439068277324,0.23078865685559483,4.0,8.476190476190476,0.08647186147186148,8.904761904761905,2.7923280423280423,0.30531056795937744,8.80952380952381,5.454497354497354,0.29076033705663334,53.0,0.35877246928672235,0.8095238095238095,0.22580645161290325,0.0,0.002698412698412698,0.9855580492204465
135,8.0,2.0,22.583333333333332,0.0,53.458333333333336,1.3333333333333333,0.0,0.0,0.0,0.0,7301.25,27.041666666666668,1.2314871418076065,0.110242434643603,1.0,2.0,0.01818181818181818,2.0833333333333335,1.0,0.08151455026455026,3.0,1.0,0.05555555555555555,53.0,0.1621389081917725,0.0,0.0,0.0,0.0,0.9982834597253536
136,10.0,4.0,85.1948051948052,0.38961038961038963,1510.3116883116884,120.35064935064935,0.0,0.0,0.6753246753246753,9.220779220779221,110147.97402597402,41.18181818181818,3.417203035060178,0.26592993417204047,3.0,32.64935064935065,0.3060274653576089,11.0,4.341204250295159,0.5018193206504895,11.74025974025974,3.94921225960187,0.20270725746916224,53.0,0.5459211004897984,-8.545454545454545,0.006971105273792685,0.0,0.0002328812848836758,0.9946532796676557
137,7.023809523809524,5.0,46.95238095238095,1.1428571428571428,1009.5238095238095,23.071428571428573,0.0,0.0,0.0,3.8095238095238093,22094.02380952381,33.88095238095238,2.496298608641893,0.18067097797259207,1.0,7.238095238095238,0.06904761904761905,3.0,4.0,0.40415140415140405,0.047619047619047616,0.047619047619047616,0.001763668430335097,53.0,0.3435489713877095,-3.8095238095238093,0.0,0.0,0.0012967200610221204,0.9837934423486511
138,10.0,4.0,78.82608695652173,0.0,1243.3695652173913,43.93478260869565,0.0,0.0,0.0,0.0,42738.913043478264,40.47826086956522,3.153845405073987,0.24273191261630167,3.0,28.782608695652176,0.26907634699396715,11.0,3.2114624505928853,0.36395808297982213,10.369565217391305,1.6736166007905138,0.09022471087688479,53.0,0.4517672687847462,0.0,0.0,0.0,0.0,0.9884690179101302
139,11.0,6.0,103.75,0.0,1820.3055555555557,66.19444444444444,0.0,0.0,0.8888888888888888,0.0,63956.27777777778,45.0,3.7438509065489183,0.2740324943550396,5.0,25.88888888888889,0.27335173941985086,11.944444444444445,3.439814814814815,0.401492488992489,13.0,2.6700244200244203,0.1477609324831547,53.0,0.6277768174955934,0.8888888888888888,0.0,0.0,0.0,0.9626909134370005
140,9.0,5.0,76.54761904761905,0.0,1397.904761904762,44.166666666666664,0.0,0.0,0.0,0.0,39534.04761904762,40.404761904761905,3.2848175198784952,0.24097627662160184,3.0,18.785714285714285,0.1790954659375712,9.0,3.2857142857142856,0.36824476229238134,5.809523809523809,2.0263321995464856,0.11128800285546318,53.0,0.4786218164151922,0.0,0.0,0.0,0.0,0.984815125636586
141,10.0,4.0,77.12121212121212,0.8484848484848485,1450.3030303030303,63.96969696969697,0.0,0.0,1.4848484848484849,3.0606060606060606,77229.21212121213,41.696969696969695,3.3707493048956465,0.25756807903525514,3.0,31.50505050505051,0.2956309506548741,11.0,3.658402203856749,0.4149818195272741,11.787878787878787,5.157107034379762,0.2690118897189604,53.0,0.5281156865916443,-1.5757575757575757,0.022904368358913813,0.0,0.000553841284911781,0.9883541862733052
142,10.0,6.0,103.8409090909091,0.0,2056.1363636363635,141.61363636363637,0.0,0.0,0.0,1.5909090909090908,53224.045454545456,43.88636363636363,4.350242648472035,0.30650290676207215,4.0,25.767045454545453,0.2711574908345243,11.0,4.332644628099174,0.5005399903127176,10.022727272727273,2.8296143250688703,0.15604530149984697,53.0,0.6948913568930518,-1.5909090909090908,0.0,0.0,0.0,0.9596379810035508
143,11.0,6.0,116.8695652173913,0.0,2183.1739130434785,212.2173913043478,0.0,0.0,2.260869565217391,24.304347826086957,126879.73913043478,45.869565217391305,4.727788279773157,0.3417011468775804,5.0,31.13913043478261,0.32950966115591235,12.0,4.891304347826087,0.586623953743519,16.47826086956522,6.107278346121057,0.3034592634692095,53.0,0.8758002140257145,-22.043478260869566,0.007787151200519143,0.0,0.0,0.9758135789884491
144,10.0,6.0,84.7,0.0,1506.8,36.75,0.0,0.0,0.1,1.75,27986.45,42.95,3.6443054747294683,0.26121553016880905,4.0,21.4375,0.2189883800410116,10.95,3.2413636363636362,0.36519104506604505,10.1,1.8259090909090907,0.09864478114478115,53.0,0.5084007603046203,-1.65,0.002857142857142857,0.0,0.0,0.9512703582720039
145,11.0,6.0,115.95833333333333,0.0,2295.3333333333335,157.83333333333334,0.0,0.0,0.0,0.0,127932.95833333333,45.708333333333336,4.727657004830918,0.3419902469041962,5.0,29.991666666666664,0.31728683339364455,12.0,4.861111111111112,0.582432844932845,13.25,3.8582875457875456,0.21330212996879663,53.0,0.8542883820496866,0.0,0.0,0.0,0.0,0.9750170215661339
146,9.0,5.0,81.73913043478261,0.0,1511.7826086956522,60.82608695652174,0.0,0.0,0.0,0.0,15504.0,40.82608695652174,3.5416986159828157,0.25450068617578203,3.0,20.347826086956523,0.2006330054384974,9.0,3.3285024154589373,0.37253808992939424,5.869565217391305,2.077536231884058,0.11541867954911433,53.0,0.4820393180011653,0.0,0.0,0.0,0.0,0.9436822932444443
147,8.0,4.0,59.888888888888886,0.0,1056.851851851852,29.074074074074073,0.0,0.0,0.0,0.7407407407407407,18899.037037037036,36.370370370370374,2.7503978301363925,0.20382516480127746,1.0,19.77777777777778,0.1797979797979798,5.0,3.7925925925925923,0.3853886853886854,3.037037037037037,1.0740740740740742,0.059499314128943756,53.0,0.3686182763114296,-0.7407407407407407,0.0,0.0,0.0,0.982603574980247
148,11.0,5.0,96.1,0.0,1703.65,86.35,0.0,0.0,0.05,20.6,63470.7,44.15,3.9854110876203896,0.2960804343012324,5.0,24.32,0.24462446222508144,11.9,4.248863636363636,0.501928915991416,15.9,4.723402777777777,0.23229166666666665,53.0,0.6402912590937828,-20.55,0.00036231884057971015,0.0,0.0,0.9818349348894426
149,7.032258064516129,5.0,49.83870967741935,712.3870967741935,1120.4193548387098,16.774193548387096,0.0,0.0,0.0,0.0,4857.129032258064,34.0,2.522866353286182,0.18133850333723575,1.0,4.774193548387097,0.04340175953079179,3.0,4.0,0.4041514041514041,0.0,0.0,0.0,53.0,0.35044082399800985,0.0,0.0,0.0,0.6385407736868525,0.9834783544947827
150,9.0,6.0,75.80952380952381,0.0,1414.8095238095239,28.904761904761905,0.0,0.0,0.0,0.0,34348.90476190476,41.23809523809524,3.2708931602659823,0.23958887365128992,4.0,18.166666666666668,0.18721723139016372,9.0,3.2962962962962967,0.3691920072872454,8.142857142857142,1.7243386243386243,0.09439545365471291,53.0,0.4654545275376957,0.0,0.0,0.0,0.0,0.9474470882790168
151,7.0,4.0,43.94444444444444,727.6481481481482,939.6666666666666,7.537037037037037,0.0,0.0,0.0,0.0,6294.055555555556,33.074074074074076,2.1975899358331366,0.16259264506766757,1.0,3.8518518518518516,0.035016835016835016,2.9814814814814814,3.006172839506173,0.2763956722290056,0.018518518518518517,0.018518518518518517,0.0006858710562414266,53.0,0.33102080960625213,0.0,0.0,0.0,0.7761445671606121,0.9879581471810803
152,8.0,3.0,60.666666666666664,848.7666666666667,1183.1666666666667,80.9,0.0,0.0,0.0,0.0,13492.8,34.233333333333334,2.4989981219760633,0.19406740915194806,1.0,9.9,0.09000000000000001,5.0,3.76,0.3817643467643468,0.0,0.0,0.0,53.0,0.37965705539671973,0.0,0.0,0.0,0.7201125138274663,0.9915483653273927
153,7.0,4.0,38.0,0.0,752.125,2.3125,0.0,0.0,0.0,0.0,128.125,31.0625,1.9678014938595014,0.15610855310057317,0.0,0.0,0.0,3.0,3.3958333333333335,0.330509768009768,0.0,0.0,0.0,53.0,0.3005493241772259,0.0,0.0,0.0,0.0,0.9853616009885248
154,11.0,6.0,115.8,0.0,2060.0,103.3,0.0,0.0,0.0,0.0,59417.8,45.8,4.840821256038647,0.342650973958945,5.0,29.68,0.32234610590647744,12.0,4.258333333333334,0.5062830687830688,13.4,3.361538461538461,0.18556166056166054,53.0,0.7984282870738424,0.0,0.0,0.0,0.0,0.9538029683364556
155,9.0,3.0,55.23076923076923,0.0,1108.6923076923076,53.76923076923077,0.0,0.0,0.0,0.0,47881.692307692305,36.46153846153846,2.6656244786275747,0.2103852133321168,3.0,13.282051282051281,0.12232854864433812,9.0,2.8205128205128203,0.30851178735794116,9.0,4.311965811965812,0.22796771130104462,53.0,0.40689852934830245,0.0,0.0,0.0,0.0,0.9937038978320807
156,10.0,5.0,81.66666666666667,0.0,1402.7222222222222,36.111111111111114,0.0,0.0,0.0,0.0,35194.61111111111,42.333333333333336,3.2422978058684238,0.24227499541434178,4.0,20.305555555555557,0.19889306599832915,11.0,3.095959595959596,0.34922346172346175,10.38888888888889,3.270875420875421,0.1785509415139045,53.0,0.49736783762286824,0.0,0.0,0.0,0.0,0.9688518596062856
157,10.0,4.0,77.26666666666667,0.0,1340.4,31.466666666666665,0.0,0.0,8.0,21.266666666666666,50217.066666666666,40.2,2.942480803321625,0.23017283502507233,3.0,28.311111111111114,0.26512493354598615,11.0,3.254545454545455,0.37091778591778596,10.333333333333334,2.9066666666666667,0.15803030303030305,53.0,0.4662952985568971,-13.266666666666667,0.031496062992125984,0.0,0.0,0.9952281881245509
158,7.066666666666666,0.0,24.466666666666665,0.0,94.66666666666667,8.466666666666667,0.0,0.0,0.06666666666666667,14.466666666666667,17007.866666666665,28.066666666666666,1.3908502098157272,0.12332074541735889,1.0,2.8,0.025454545454545452,3.0,1.9777777777777779,0.17814407814407812,0.0,0.0,0.0,53.0,0.1549866301753607,-14.4,0.0007017543859649122,0.0,0.0,0.0
159,11.0,6.0,104.61111111111111,0.0,1908.4444444444443,69.88888888888889,0.0,0.0,0.0,3.7222222222222223,71091.33333333333,45.77777777777778,4.585767091201874,0.33297232209077104,5.0,30.188888888888886,0.31885962678532337,12.0,4.601851851851851,0.5502507009451454,15.833333333333334,5.861011904761905,0.2949312183721225,53.0,0.743265689847289,-3.7222222222222223,0.0,0.0,0.0,0.978064411690891
