feature,xgboost_importance,random_forest_importance
town_hall_level,0.011653929,0.00432697542080334
exp_level,0.0018400773,0.0017929602806722748
league_id,0.0011487099,0.0004752755527534138
league_tier_id,0.21039261,0.14642925945539023
trophies,0.006933216,0.0021732347639702
builder_base_trophies,0.0013424708,0.0022225747111721374
donations,0.0012222241,0.0006633756947855466
donations_received,0.0011156036,0.0006271685509283737
best_trophies,0.0020203115,0.0040990567579638525
war_stars,0.0012308286,0.0020219372092381825
attack_wins,0.0022772928,2.531258057697545e-05
defense_wins,0.0011361607,5.620696982608291e-05
builder_hall_level,0.0019149574,0.00044720464513962785
best_builder_base_trophies,0.0013288198,0.0020868873106547046
clan_capital_contributions,0.0012399065,0.0035447006063738583
donation_balance,0.0010685633,0.0010900844985887775
donation_ratio,0.0012638785,0.0006962000944486241
combat_activity_total,0.0010832696,6.879547566257204e-05
progression_ratio_trophies,0.004668759,0.0009115342212202994
builder_progression_ratio,0.001462255,0.0030051371729181184
troop_count,0.0022017048,0.00140109063883242
troop_mean_level,0.0014525991,0.001950771217846627
troop_mean_completion_ratio,0.0013924541,0.0020767881741596377
hero_count,0.0043253712,0.0002916552129852798
hero_mean_level,0.00343009,0.002461713098256473
hero_mean_completion_ratio,0.0077356324,0.004874300572619242
spell_count,0.004696602,0.0008476683457312547
spell_mean_level,0.0011841058,0.001719832129020367
spell_mean_completion_ratio,0.0015847018,0.0023128218870223645
equipment_count,0.005991509,0.00230756680098349
equipment_mean_level,0.0019918056,0.002382688290546323
equipment_mean_completion_ratio,0.001294759,0.00228890962880135
achievement_count,0.0,0.0
achievement_completion_ratio,0.0015632369,0.00399319811522738
clan_mean_trophies,0.0035436673,0.0026993377536831333
clan_mean_exp_level,0.0043917266,0.0031243465625553106
clan_mean_town_hall_level,0.0046698023,0.004699154104595673
clan_mean_donations,0.0013033334,0.0009790751048666562
clan_mean_donations_received,0.001633278,0.0010370302130691268
clan_mean_war_stars,0.0043146857,0.002986725355176234
clan_mean_attack_wins,0.0066354675,0.0012267157700555785
clan_mean_defense_wins,0.0014986052,0.0008732626844516565
clan_level,0.002240892,0.0018425546319218386
clan_points,0.03822705,0.06980750512845114
clan_capital_points,0.0048718066,0.0024411026774480414
members,0.18295425,0.3965418863327801
required_trophies,0.0010230558,0.0010822923212636048
is_family_friendly,0.0009852852,0.00021206423911791542
trophies_diff_from_clan_mean,0.0113282455,0.004866507589065123
trophies_ratio_to_clan_mean,0.009433483,0.001851227786636146
trophies_clan_pct,0.03732363,0.07629922605964305
exp_level_diff_from_clan_mean,0.0014580168,0.0017249753227445352
exp_level_ratio_to_clan_mean,0.013557004,0.001998940492027138
exp_level_clan_pct,0.007177447,0.004140618069019229
town_hall_level_diff_from_clan_mean,0.0060593733,0.0016962395390632142
town_hall_level_ratio_to_clan_mean,0.07151055,0.02019034455815202
town_hall_level_clan_pct,0.09243126,0.16301417729740894
donations_diff_from_clan_mean,0.0050308285,0.0028932813362782524
donations_ratio_to_clan_mean,0.0020372125,0.0009386076626251927
donations_clan_pct,0.009525564,0.009109311344520584
donations_received_diff_from_clan_mean,0.0014209717,0.001578858161953879
donations_received_ratio_to_clan_mean,0.0012699848,0.0007247884199568656
donations_received_clan_pct,0.0014555352,0.0020921199688464886
capital_contributions_diff_from_clan_mean,0.0,0.0
capital_contributions_ratio_to_clan_mean,0.0,0.0
capital_contributions_clan_pct,0.0,0.0
war_stars_diff_from_clan_mean,0.0018823378,0.0022915901651800997
war_stars_ratio_to_clan_mean,0.0011486252,0.0018009495089534333
war_stars_clan_pct,0.0034225062,0.0028667282358374557
attack_wins_diff_from_clan_mean,0.005325532,0.0006787749203999599
attack_wins_ratio_to_clan_mean,0.0011151053,4.689104330687206e-05
attack_wins_clan_pct,0.14589436,0.0013337122093825492
defense_wins_diff_from_clan_mean,0.0009991981,0.0008122291949244543
defense_wins_ratio_to_clan_mean,0.0012485993,8.930614192411635e-05
defense_wins_clan_pct,0.014463406,0.001734656007594985
