cluster,feature,cluster_mean,global_mean,difference_from_global
0,clan_capital_contributions,1.8120939e+06,950114.06,861979.8
0,best_trophies,4361.1084,2922.5396,1438.5688
0,war_stars,1420.735,792.35876,628.3762
0,donations,215.88986,111.555275,104.33459
0,exp_level,202.76556,141.68248,61.083084
0,donation_balance,53.361603,0.44114813,52.920456
0,donations_received,162.52826,111.11412,51.41414
0,trophies,157.7811,197.01898,-39.237885
0,hero_mean_level,49.96629,34.156437,15.809853
0,troop_count,72.54195,56.921482,15.620464
0,equipment_count,31.368738,20.558628,10.81011
0,equipment_mean_level,12.920447,8.293238,4.6272097
0,spell_count,16.261814,12.615171,3.6466427
0,town_hall_level,16.15809,13.210752,2.947339
0,builder_hall_level,9.299675,7.1957445,2.1039305
0,hero_count,7.5824823,5.6096983,1.972784
0,achievement_completion_ratio,4.3709445,2.498607,1.8723376
0,troop_mean_level,6.5617776,4.8632336,1.698544
0,combat_activity_total,2.0928395,1.0286318,1.0642077
0,spell_mean_level,5.193339,4.209404,0.9839349
0,attack_wins,1.6094997,0.782276,0.8272237
0,donation_ratio,0.85271525,0.45503068,0.39768457
0,hero_mean_completion_ratio,0.69012386,0.44213474,0.24798912
0,defense_wins,0.48333973,0.24635589,0.23698384
0,equipment_mean_completion_ratio,0.62420464,0.4076683,0.21653634
0,spell_mean_completion_ratio,0.6716262,0.5165727,0.1550535
0,troop_mean_completion_ratio,0.54104704,0.39037946,0.15066758
0,progression_ratio_trophies,0.033765137,0.1141984,-0.080433264
0,builder_progression_ratio,0.90941477,0.90405595,0.005358815
0,achievement_count,52.999996,53.000004,-7.6293945e-06
1,clan_capital_contributions,144682.44,950114.06,-805431.6
1,best_trophies,1578.3442,2922.5396,-1344.1953
1,war_stars,205.20554,792.35876,-587.1532
1,donations,14.065292,111.555275,-97.48998
1,exp_level,84.606575,141.68248,-57.075905
1,donation_balance,-49.007587,0.44114813,-49.448734
1,donations_received,63.072884,111.11412,-48.041237
1,trophies,233.68277,197.01898,36.663788
1,hero_mean_level,19.383745,34.156437,-14.772692
1,troop_count,42.32576,56.921482,-14.595722
1,equipment_count,10.45769,20.558628,-10.100938
1,equipment_mean_level,3.9695842,8.293238,-4.323653
1,spell_count,9.207758,12.615171,-3.4074135
1,town_hall_level,10.456765,13.210752,-2.7539864
1,builder_hall_level,5.229838,7.1957445,-1.9659066
1,hero_count,3.7663343,5.6096983,-1.843364
1,achievement_completion_ratio,0.7490991,2.498607,-1.7495079
1,troop_mean_level,3.2761183,4.8632336,-1.5871153
1,combat_activity_total,0.034239087,1.0286318,-0.9943927
1,spell_mean_level,3.2900174,4.209404,-0.9193866
1,attack_wins,0.0093202805,0.782276,-0.7729557
1,donation_ratio,0.08343524,0.45503068,-0.37159544
1,hero_mean_completion_ratio,0.21041435,0.44213474,-0.23172039
1,defense_wins,0.024918806,0.24635589,-0.22143708
1,equipment_mean_completion_ratio,0.20533736,0.4076683,-0.20233093
1,spell_mean_completion_ratio,0.37169108,0.5165727,-0.14488164
1,troop_mean_completion_ratio,0.249596,0.39037946,-0.14078346
1,progression_ratio_trophies,0.18935505,0.1141984,0.075156644
1,builder_progression_ratio,0.8990486,0.90405595,-0.0050073266
1,achievement_count,52.999996,53.000004,-7.6293945e-06
