feature,with_trophies__xgboost,without_trophies__xgboost,with_trophies__random_forest,without_trophies__random_forest,mean_importance
members,0.18295423178804696,0.2035306834026798,0.3965418863327801,0.39575590633636365,0.2946956769649676
league_tier_id,0.21039258626426502,0.2312060437472326,0.14642925945539023,0.1473093021816201,0.183834297912127
town_hall_level_clan_pct,0.09243125204223739,0.11260527333033292,0.16301417729740894,0.16512922485880194,0.1332949818821953
clan_points,0.03822704732220499,0.04521809875074041,0.06980750512845114,0.09364176895569327,0.06172360503927245
attack_wins_clan_pct,0.1458943475912211,0.047924205493446656,0.0013337122093825492,0.002812690991303298,0.04949123907133841
town_hall_level_ratio_to_clan_mean,0.07151054555120741,0.08368813962318886,0.02019034455815202,0.02109732556027851,0.049121588823206705
trophies_clan_pct,0.03732362727057627,,0.07629922605964305,,0.02840571333255483
donations_clan_pct,0.009525562527708517,0.019195422463135017,0.009109311344520584,0.011797810966141055,0.012407026825376293
defense_wins_clan_pct,0.014463404476797045,0.022648328836140007,0.001734656007594985,0.0024527907769918865,0.010324795024380981
equipment_count,0.005991508529983112,0.01716898375713854,0.00230756680098349,0.011208604217510082,0.009169165826403806
exp_level_clan_pct,0.007177446185093778,0.009436958436492277,0.004140618069019229,0.008430447187885451,0.007296367469622683
town_hall_level_diff_from_clan_mean,0.0060593726016008875,0.014690342307939395,0.0016962395390632142,0.002488712534715277,0.006233666745829693
hero_mean_completion_ratio,0.007735631515269358,0.005738050656842356,0.004874300572619242,0.006268165555123109,0.0061540370749635165
town_hall_level,0.011653927744903576,0.007002489151191586,0.00432697542080334,0.0013487324641497404,0.006083031195262061
exp_level_ratio_to_clan_mean,0.013557002330610041,0.004572480901007724,0.001998940492027138,0.0038482151911342173,0.0059941597286947805
clan_mean_town_hall_level,0.004669801753448085,0.008157620177985098,0.004699154104595673,0.0056104115975808425,0.005784246908402424
donations_diff_from_clan_mean,0.0050308279787520125,0.006210230734862047,0.0028932813362782524,0.007572827722501869,0.005426791943098545
clan_capital_points,0.004871806063485089,0.008521504670422857,0.0024411026774480414,0.003516266619390147,0.004837670007686534
clan_mean_exp_level,0.00439172609250072,0.0054392460543688645,0.0031243465625553106,0.004885534479523847,0.004460213297237186
trophies_diff_from_clan_mean,0.011328244276124387,,0.004866507589065123,,0.004048687966297378
clan_mean_war_stars,0.004314685234896053,0.004504340685073959,0.002986725355176234,0.004357770721023046,0.004040880499042323
attack_wins_diff_from_clan_mean,0.005325531471130843,0.007939374046611923,0.0006787749203999599,0.002118757609184736,0.004015609511831865
achievement_completion_ratio,0.0015632367615685703,0.0027291471974604745,0.00399319811522738,0.006685824943181725,0.0037428517543595372
war_stars_clan_pct,0.0034225057798542057,0.004350608665202947,0.0028667282358374557,0.0041682326423287215,0.0037020188308058326
donations_received_diff_from_clan_mean,0.001420971549480302,0.006767830787804569,0.001578858161953879,0.005017556753724121,0.0036963043132407173
hero_mean_level,0.0034300895387511716,0.004406276143599734,0.002461713098256473,0.003826539033964984,0.003531154453643091
spell_count,0.004696601488928753,0.007338572733551592,0.0008476683457312547,0.0010480159821449236,0.0034827146375891313
clan_capital_contributions,0.0012399063954325162,0.0017994869204721636,0.0035447006063738583,0.005505504715795249,0.0030223996595184466
hero_count,0.004325370763289069,0.006633392977644481,0.0002916552129852798,0.0007564686925931253,0.003001721911627989
clan_mean_attack_wins,0.0066354667972694315,0.0032175886332374464,0.0012267157700555785,0.0008284421338244688,0.0029770533335967313
trophies_ratio_to_clan_mean,0.009433481743488709,,0.001851227786636146,,0.0028211773825312135
clan_level,0.002240891789324058,0.003437422902425438,0.0018425546319218386,0.003318011021085383,0.0027097200861891796
equipment_mean_level,0.001991805402991191,0.0027967854305282745,0.002382688290546323,0.003581615662345353,0.0026882236966027854
builder_progression_ratio,0.001462254862813854,0.0017043360216624475,0.0030051371729181184,0.0045003188453580575,0.0026680117256881195
attack_wins,0.0022772925281780315,0.007997222216809556,2.531258057697545e-05,0.0002937776002146472,0.0026484012314448024
war_stars_diff_from_clan_mean,0.0018823376431091794,0.002221513531794142,0.0022915901651800997,0.003536992730816113,0.0024831085177248837
donations_received_clan_pct,0.0014555350219258281,0.002895961272660778,0.0020921199688464886,0.0034578985000814438,0.0024753786908786346
equipment_mean_completion_ratio,0.0012947588443658552,0.003106265317976014,0.00228890962880135,0.0031265547492407785,0.0024541221350959995
spell_mean_completion_ratio,0.0015847016490937505,0.0022543729204182526,0.0023128218870223645,0.0034947551737126627,0.0024116629075617577
attack_wins_ratio_to_clan_mean,0.0011151052259410846,0.008218258590606535,4.689104330687206e-05,0.0001474015875147031,0.002381914111842299
builder_base_trophies,0.001342470611068719,0.0020392516091026426,0.0022225747111721374,0.0037048972286239964,0.002327298539991874
best_builder_base_trophies,0.001328819635506624,0.0022008428273227435,0.0020868873106547046,0.0036033291670471224,0.002304969735132799
trophies,0.006933215248473465,,0.0021732347639702,,0.0022766125031109165
exp_level,0.001840077139670919,0.002166696350905009,0.0017929602806722748,0.003026368757936403,0.0022065256322961516
donations_ratio_to_clan_mean,0.0020372122629888933,0.004404304533716159,0.0009386076626251927,0.0013087750448476873,0.002172224876044483
war_stars,0.0012308284460430636,0.001791666954086394,0.0020219372092381825,0.003265347611252095,0.0020774450551549334
troop_mean_level,0.0014525989114146471,0.0018035130279481653,0.001950771217846627,0.0030699371941399554,0.0020692050878373487
troop_mean_completion_ratio,0.001392453989698337,0.0016206497037062082,0.0020767881741596377,0.003184942505098265,0.002068708593165612
donations_received_ratio_to_clan_mean,0.0012699846188484723,0.004815774952937704,0.0007247884199568656,0.001408652923811905,0.002054800228888737
exp_level_diff_from_clan_mean,0.0014580166470702254,0.0021473835147426575,0.0017249753227445352,0.0028060163411755532,0.002034097956433243
troop_count,0.0022017045336311155,0.0023657176560988266,0.00140109063883242,0.002115214091082066,0.002020931729911107
clan_mean_donations_received,0.0016332777994667905,0.003787254202922617,0.0010370302130691268,0.0014414680674507607,0.0019747575707273236
war_stars_ratio_to_clan_mean,0.0011486250351403977,0.0018481383966929103,0.0018009495089534333,0.0028688922234117154,0.0019166512910496142
spell_mean_level,0.001184105627391129,0.0016044337479242808,0.001719832129020367,0.0026246658216176177,0.0017832593314883486
clan_mean_defense_wins,0.001498605077423672,0.003499096247254302,0.0008732626844516565,0.0012257471028293322,0.0017741777779897406
league_id,0.0011487097854854331,0.0036832017229758143,0.0004752755527534138,0.0010319526901636697,0.001584784937844583
clan_mean_trophies,0.00354366687546024,,0.0026993377536831333,,0.0015607511572858432
best_trophies,0.0020203113212422445,,0.0040990567579638525,,0.0015298420198015241
clan_mean_donations,0.001303333297543387,0.002109409535387265,0.0009790751048666562,0.0014845867255179465,0.0014691011658288136
progression_ratio_trophies,0.004668758672278417,,0.0009115342212202994,,0.0013950732233746791
donation_balance,0.001068563200264205,0.001661099604117569,0.0010900844985887775,0.001404280047143013,0.001306006837528391
donations_received,0.0011156034834640953,0.0024345985063074674,0.0006271685509283737,0.0009664821278678684,0.001285963167141951
builder_hall_level,0.0019149572127231088,0.001806392793754141,0.00044720464513962785,0.00073368065322258,0.0012255588262098643
defense_wins_diff_from_clan_mean,0.0009991979532353952,0.0018182062713259146,0.0008122291949244543,0.0011762334340632758,0.0012014667133872598
donations,0.0012222239577157805,0.0019676901797029767,0.0006633756947855466,0.0009517664500723285,0.0012012640705691582
donation_ratio,0.0012638784030547898,0.001782156986479565,0.0006962000944486241,0.0008669049872972907,0.0011522851178200674
defense_wins,0.0011361605644087994,0.003280443127917441,5.620696982608291e-05,9.134924751903983e-05,0.0011410399774178408
combat_activity_total,0.0010832694806034242,0.0028339768660930794,6.879547566257204e-05,0.00020808089735428487,0.0010485306799283402
defense_wins_ratio_to_clan_mean,0.0012485991265641081,0.0018152239436217679,8.930614192411635e-05,0.00012720347096408207,0.0008200831707685187
is_family_friendly,0.0009852850432277925,0.0014400172462686294,0.00021206423911791542,0.0003580478936477239,0.0007488536055655152
required_trophies,0.0010230556410241185,,0.0010822923212636048,,0.0005263369905719308
achievement_count,0.0,0.0,0.0,0.0,0.0
capital_contributions_clan_pct,0.0,0.0,0.0,0.0,0.0
capital_contributions_diff_from_clan_mean,0.0,0.0,0.0,0.0,0.0
capital_contributions_ratio_to_clan_mean,0.0,0.0,0.0,0.0,0.0
